{
  "threshold_f1": 0.9999999999999989,
  "threshold_sens": 0.9999999999999989
}